{
  "HR@5": 0.1765,
  "NDCG@5": 0.12122389331360332,
  "HR@10": 0.262,
  "NDCG@10": 0.14877536968136396,
  "HR@20": 0.3885,
  "NDCG@20": 0.18043192190435212,
  "MRR": 0.13617681143301488,
  "n_users": 10000,
  "n_prompts": 1010000,
  "inference_time_s": 41716.39914870262,
  "data_path": "outputs/baselines/external_tasks/electronics_large10000_100neg_test_same_candidate/ranking_test.jsonl",
  "model": "/home/ajifang/models/Mistral-7B-Instruct-v0.3",
  "backbone": "mistral-7b",
  "seed": null,
  "temperature": 0.1,
  "guided_json": true,
  "score_scale": "prob01"
}