popularity_group,fraction
head,0.8227132579650566
mid,0.15056526207605345
tail,0.02672147995889003
