popularity_group,fraction
head,0.42425488180883864
mid,0.3868448098663926
tail,0.18890030832476876
