popularity_group,fraction
mid,0.40513874614594036
head,0.3369989722507708
tail,0.2578622816032888
