popularity_group,fraction
head,0.4656731757451182
mid,0.35231243576567317
tail,0.18201438848920864
