popularity_group,fraction
head,0.48581706063720453
mid,0.36608427543679345
tail,0.14809866392600204
