popularity_group,fraction
head,0.408530318602261
mid,0.3934224049331963
tail,0.19804727646454265
