{
  "beauty": {
    "domain": "beauty",
    "n_test_users": 973,
    "catalog_size": 1184,
    "total_interactions_in_stats": 6583,
    "gini": 0.2583896225330602,
    "head_top1pct_share": 0.03493847789761507,
    "head_group_item_share": 0.19932432432432431,
    "n_panels_total": 973,
    "n_panels_sampled": 400,
    "n_panels_used": 400,
    "cand_title_coverage": 1.0,
    "cand_metadata_completeness": 0.9987376237623762,
    "cand_tfidf_cos_mean": 0.029211548308272023,
    "cand_jaccard_mean": 0.031243330635172897,
    "cand_title_len_tokens": 23.36593613861386,
    "cand_vocab_size": 1012.24,
    "mean_user_hist_len": 5.589928057553957,
    "n_users_hist": 973,
    "hist_source": "panel_ranking_test_jsonl"
  },
  "books": {
    "domain": "books",
    "n_test_users": 10000,
    "catalog_size": 963824,
    "total_interactions_in_stats": 12442971,
    "gini": 0.6021604595680536,
    "head_top1pct_share": 0.22861171982157638,
    "head_group_item_share": 0.19999916997294112,
    "n_panels_total": 10000,
    "n_panels_sampled": 400,
    "n_panels_used": 400,
    "cand_title_coverage": 1.0,
    "cand_metadata_completeness": 1.0,
    "cand_tfidf_cos_mean": 0.021353283046807153,
    "cand_jaccard_mean": 0.031141281944225184,
    "cand_title_len_tokens": 8.38809405940594,
    "cand_vocab_size": 513.29,
    "mean_user_hist_len": 5.7967,
    "n_users_hist": 10000,
    "hist_source": "panel_ranking_test_jsonl"
  },
  "electronics": {
    "domain": "electronics",
    "n_test_users": 10000,
    "catalog_size": 533532,
    "total_interactions_in_stats": 17515103,
    "gini": 0.7643725654439979,
    "head_top1pct_share": 0.35941992462162514,
    "head_group_item_share": 0.19999925027927098,
    "n_panels_total": 10000,
    "n_panels_sampled": 400,
    "n_panels_used": 400,
    "cand_title_coverage": 1.0,
    "cand_metadata_completeness": 1.0,
    "cand_tfidf_cos_mean": 0.023292576882571595,
    "cand_jaccard_mean": 0.02386853201626552,
    "cand_title_len_tokens": 21.204257425742576,
    "cand_vocab_size": 1021.43,
    "mean_user_hist_len": 4.7687,
    "n_users_hist": 10000,
    "hist_source": "panel_ranking_test_jsonl"
  },
  "movies": {
    "domain": "movies",
    "n_test_users": 10000,
    "catalog_size": 258113,
    "total_interactions_in_stats": 7895387,
    "gini": 0.7322014399691086,
    "head_top1pct_share": 0.29036030786078,
    "head_group_item_share": 0.19999767543672733,
    "n_panels_total": 10000,
    "n_panels_sampled": 400,
    "n_panels_used": 400,
    "cand_title_coverage": 0.5891640163562017,
    "cand_metadata_completeness": 0.5089851485148514,
    "cand_tfidf_cos_mean": 0.02205050218519953,
    "cand_jaccard_mean": 0.02496261393374685,
    "cand_title_len_tokens": 5.203462963667597,
    "cand_vocab_size": 180.625,
    "mean_user_hist_len": 6.720158892687855,
    "n_users_hist": 1174881,
    "hist_source": "interactions_csv_proxy_all_users"
  },
  "sports": {
    "domain": "sports",
    "n_test_users": 10000,
    "catalog_size": 315692,
    "total_interactions_in_stats": 5542756,
    "gini": 0.6607811391886247,
    "head_top1pct_share": 0.23941699760913163,
    "head_group_item_share": 0.19999873294223483,
    "n_panels_total": 10000,
    "n_panels_sampled": 400,
    "n_panels_used": 400,
    "cand_title_coverage": 0.9999666232769266,
    "cand_metadata_completeness": 0.9999752475247524,
    "cand_tfidf_cos_mean": 0.012958460312962128,
    "cand_jaccard_mean": 0.0123940642843188,
    "cand_title_len_tokens": 15.485650247524752,
    "cand_vocab_size": 904.76,
    "mean_user_hist_len": 4.0731,
    "n_users_hist": 10000,
    "hist_source": "panel_ranking_test_jsonl"
  },
  "toys": {
    "domain": "toys",
    "n_test_users": 10000,
    "catalog_size": 278889,
    "total_interactions_in_stats": 5502054,
    "gini": 0.6515007643088149,
    "head_top1pct_share": 0.21709692416686568,
    "head_group_item_share": 0.19999713147524642,
    "n_panels_total": 10000,
    "n_panels_sampled": 400,
    "n_panels_used": 400,
    "cand_title_coverage": 0.9998669018068079,
    "cand_metadata_completeness": 0.9998762376237623,
    "cand_tfidf_cos_mean": 0.0188172105964018,
    "cand_jaccard_mean": 0.018483150577584713,
    "cand_title_len_tokens": 16.30919183168317,
    "cand_vocab_size": 846.0975,
    "mean_user_hist_len": 4.3945,
    "n_users_hist": 10000,
    "hist_source": "panel_ranking_test_jsonl"
  },
  "home": {
    "domain": "home",
    "n_test_users": 10000,
    "catalog_size": 1160443,
    "total_interactions_in_stats": 31541397,
    "gini": 0.7442625814272938,
    "head_top1pct_share": 0.3373022127079533,
    "head_group_item_share": 0.19999948295607797,
    "n_panels_total": 10000,
    "n_panels_sampled": 400,
    "n_panels_used": 400,
    "cand_title_coverage": 0.9999694030535753,
    "cand_metadata_completeness": 0.9999257425742575,
    "cand_tfidf_cos_mean": 0.01766251991035949,
    "cand_jaccard_mean": 0.018618868562271015,
    "cand_title_len_tokens": 19.53628514851485,
    "cand_vocab_size": 1023.72,
    "mean_user_hist_len": 5.0899,
    "n_users_hist": 10000,
    "hist_source": "panel_ranking_test_jsonl"
  },
  "tools": {
    "domain": "tools",
    "n_test_users": 10000,
    "catalog_size": 436030,
    "total_interactions_in_stats": 9962279,
    "gini": 0.6905488806875717,
    "head_top1pct_share": 0.2498545764478188,
    "head_group_item_share": 0.2,
    "n_panels_total": 10000,
    "n_panels_sampled": 400,
    "n_panels_used": 400,
    "cand_title_coverage": 0.9999356250804686,
    "cand_metadata_completeness": 0.9999504950495051,
    "cand_tfidf_cos_mean": 0.01959502099798494,
    "cand_jaccard_mean": 0.019627371929709234,
    "cand_title_len_tokens": 19.591788366336633,
    "cand_vocab_size": 1026.2625,
    "mean_user_hist_len": 3.9923,
    "n_users_hist": 10000,
    "hist_source": "panel_ranking_test_jsonl"
  }
}