popularity_group,fraction
head,0.49362795477903393
mid,0.34254881808838644
tail,0.16382322713257966
