popularity_group,fraction
head,0.4223021582733813
mid,0.39948612538540595
tail,0.17821171634121274
