popularity_group,fraction
head,0.4195272353545735
mid,0.39794450154162386
tail,0.18252826310380268
